item_id,kind,title,description,applies_to,jurisdiction,evidence_span_ids,conditions_required,conditions_excluded,status,version,blockers,details
SIZE-P01,comparison,P01 illustrative comparison,The pregnancy clock has started—your body is preparing. There is no embryo to size yet.,"{""stage"": ""pregnancy"", ""unit"": ""week"", ""start"": 1, ""end"": 1}","[""IN""]",[],[],[],draft,1.0.0,"[""Named content, clinical, India-localisation, licence and product review pending.""]","{""profile_id"": ""P01"", ""measurement_basis"": ""Special state; no size claim"", ""measurement_value"": null, ""object_dimension_mm"": null, ""illustrative_only"": true, ""image_key"": ""calendar-spark"", ""image_path"": null, ""image_alt"": ""The pregnancy clock has started—your body is preparing. There is no embryo to size yet."", ""hide_reason"": ""Intentional non-size state"", ""proposed_planning_basis"": ""Gestational dating starts from the last menstrual period"", ""proposal_source"": ""Team-supplied correction plan section 12.1; not a medical authority"", ""clinical_review_status"": ""pending"", ""editorial_review_status"": ""pending"", ""artwork_status"": ""deferred_by_review_section_12_4""}"
SIZE-P02,comparison,P02 illustrative comparison,A new cycle is unfolding. There is still no embryo to compare this week.,"{""stage"": ""pregnancy"", ""unit"": ""week"", ""start"": 2, ""end"": 2}","[""IN""]",[],[],[],draft,1.0.0,"[""Named content, clinical, India-localisation, licence and product review pending.""]","{""profile_id"": ""P02"", ""measurement_basis"": ""Special state; no size claim"", ""measurement_value"": null, ""object_dimension_mm"": null, ""illustrative_only"": true, ""image_key"": ""tiny-spark"", ""image_path"": null, ""image_alt"": ""A new cycle is unfolding. There is still no embryo to compare this week."", ""hide_reason"": ""Intentional non-size state"", ""proposed_planning_basis"": ""Ovulation/conception timing varies"", ""proposal_source"": ""Team-supplied correction plan section 12.1; not a medical authority"", ""clinical_review_status"": ""pending"", ""editorial_review_status"": ""pending"", ""artwork_status"": ""deferred_by_review_section_12_4""}"
SIZE-P03,comparison,P03 illustrative comparison,"If fertilisation has happened, this tiny beginning is closer to a speck of fine sand than a seed.","{""stage"": ""pregnancy"", ""unit"": ""week"", ""start"": 3, ""end"": 3}","[""IN""]",[],[],[],draft,1.0.0,"[""Named content, clinical, India-localisation, licence and product review pending.""]","{""profile_id"": ""P03"", ""measurement_basis"": ""Length; conditional"", ""measurement_value"": null, ""object_dimension_mm"": null, ""illustrative_only"": true, ""image_key"": ""sand-speck"", ""image_path"": null, ""image_alt"": ""If fertilisation has happened, this tiny beginning is closer to a speck of fine sand than a seed."", ""hide_reason"": ""Teammate editorial proposal: measurement series, object dimensions and clinical review not verified"", ""proposed_planning_basis"": ""Microscopic cell cluster; timing varies"", ""proposal_source"": ""Team-supplied correction plan section 12.1; not a medical authority"", ""clinical_review_status"": ""pending"", ""editorial_review_status"": ""pending"", ""artwork_status"": ""deferred_by_review_section_12_4""}"
SIZE-P04,comparison,P04 illustrative comparison,Your tiny beginning is about the size of a poppy seed.,"{""stage"": ""pregnancy"", ""unit"": ""week"", ""start"": 4, ""end"": 4}","[""IN""]",[],[],[],draft,1.0.0,"[""Named content, clinical, India-localisation, licence and product review pending.""]","{""profile_id"": ""P04"", ""measurement_basis"": ""CRL/editorial scale"", ""measurement_value"": null, ""object_dimension_mm"": null, ""illustrative_only"": true, ""image_key"": ""poppy-seed"", ""image_path"": null, ""image_alt"": ""Your tiny beginning is about the size of a poppy seed."", ""hide_reason"": ""Teammate editorial proposal: measurement series, object dimensions and clinical review not verified"", ""proposed_planning_basis"": ""About 1–2 mm"", ""proposal_source"": ""Team-supplied correction plan section 12.1; not a medical authority"", ""clinical_review_status"": ""pending"", ""editorial_review_status"": ""pending"", ""artwork_status"": ""deferred_by_review_section_12_4""}"
SIZE-P05,comparison,P05 illustrative comparison,Your tiny embryo is about the size of a sesame seed.,"{""stage"": ""pregnancy"", ""unit"": ""week"", ""start"": 5, ""end"": 5}","[""IN""]",[],[],[],draft,1.0.0,"[""Named content, clinical, India-localisation, licence and product review pending.""]","{""profile_id"": ""P05"", ""measurement_basis"": ""CRL/editorial scale"", ""measurement_value"": null, ""object_dimension_mm"": null, ""illustrative_only"": true, ""image_key"": ""sesame-seed"", ""image_path"": null, ""image_alt"": ""Your tiny embryo is about the size of a sesame seed."", ""hide_reason"": ""Teammate editorial proposal: measurement series, object dimensions and clinical review not verified"", ""proposed_planning_basis"": ""About 2–4 mm"", ""proposal_source"": ""Team-supplied correction plan section 12.1; not a medical authority"", ""clinical_review_status"": ""pending"", ""editorial_review_status"": ""pending"", ""artwork_status"": ""deferred_by_review_section_12_4""}"
SIZE-P06,comparison,P06 illustrative comparison,Your tiny embryo is about the size of a lentil.,"{""stage"": ""pregnancy"", ""unit"": ""week"", ""start"": 6, ""end"": 6}","[""IN""]",[],[],[],draft,1.0.0,"[""Named content, clinical, India-localisation, licence and product review pending.""]","{""profile_id"": ""P06"", ""measurement_basis"": ""CRL/editorial scale"", ""measurement_value"": null, ""object_dimension_mm"": null, ""illustrative_only"": true, ""image_key"": ""lentil"", ""image_path"": null, ""image_alt"": ""Your tiny embryo is about the size of a lentil."", ""hide_reason"": ""Teammate editorial proposal: measurement series, object dimensions and clinical review not verified"", ""proposed_planning_basis"": ""About 4–6 mm"", ""proposal_source"": ""Team-supplied correction plan section 12.1; not a medical authority"", ""clinical_review_status"": ""pending"", ""editorial_review_status"": ""pending"", ""artwork_status"": ""deferred_by_review_section_12_4""}"
SIZE-P07,comparison,P07 illustrative comparison,Your growing embryo is about the size of a blueberry.,"{""stage"": ""pregnancy"", ""unit"": ""week"", ""start"": 7, ""end"": 7}","[""IN""]",[],[],[],draft,1.0.0,"[""Named content, clinical, India-localisation, licence and product review pending.""]","{""profile_id"": ""P07"", ""measurement_basis"": ""CRL/editorial scale"", ""measurement_value"": null, ""object_dimension_mm"": null, ""illustrative_only"": true, ""image_key"": ""blueberry"", ""image_path"": null, ""image_alt"": ""Your growing embryo is about the size of a blueberry."", ""hide_reason"": ""Teammate editorial proposal: measurement series, object dimensions and clinical review not verified"", ""proposed_planning_basis"": ""About 7–10 mm"", ""proposal_source"": ""Team-supplied correction plan section 12.1; not a medical authority"", ""clinical_review_status"": ""pending"", ""editorial_review_status"": ""pending"", ""artwork_status"": ""deferred_by_review_section_12_4""}"
SIZE-P08,comparison,P08 illustrative comparison,Your growing embryo is about the size of a pumpkin seed.,"{""stage"": ""pregnancy"", ""unit"": ""week"", ""start"": 8, ""end"": 8}","[""IN""]",[],[],[],draft,1.0.0,"[""Named content, clinical, India-localisation, licence and product review pending.""]","{""profile_id"": ""P08"", ""measurement_basis"": ""CRL/editorial scale"", ""measurement_value"": null, ""object_dimension_mm"": null, ""illustrative_only"": true, ""image_key"": ""pumpkin-seed"", ""image_path"": null, ""image_alt"": ""Your growing embryo is about the size of a pumpkin seed."", ""hide_reason"": ""Teammate editorial proposal: measurement series, object dimensions and clinical review not verified"", ""proposed_planning_basis"": ""About 14–16 mm"", ""proposal_source"": ""Team-supplied correction plan section 12.1; not a medical authority"", ""clinical_review_status"": ""pending"", ""editorial_review_status"": ""pending"", ""artwork_status"": ""deferred_by_review_section_12_4""}"
SIZE-P09,comparison,P09 illustrative comparison,Your baby is about the size of a rajma bean.,"{""stage"": ""pregnancy"", ""unit"": ""week"", ""start"": 9, ""end"": 9}","[""IN""]",[],[],[],draft,1.0.0,"[""Named content, clinical, India-localisation, licence and product review pending.""]","{""profile_id"": ""P09"", ""measurement_basis"": ""CRL/editorial scale"", ""measurement_value"": null, ""object_dimension_mm"": null, ""illustrative_only"": true, ""image_key"": ""rajma-bean"", ""image_path"": null, ""image_alt"": ""Your baby is about the size of a rajma bean."", ""hide_reason"": ""Teammate editorial proposal: measurement series, object dimensions and clinical review not verified"", ""proposed_planning_basis"": ""About 22–24 mm"", ""proposal_source"": ""Team-supplied correction plan section 12.1; not a medical authority"", ""clinical_review_status"": ""pending"", ""editorial_review_status"": ""pending"", ""artwork_status"": ""deferred_by_review_section_12_4""}"
SIZE-P10,comparison,P10 illustrative comparison,Your baby is about the size of a cherry.,"{""stage"": ""pregnancy"", ""unit"": ""week"", ""start"": 10, ""end"": 10}","[""IN""]",[],[],[],draft,1.0.0,"[""Named content, clinical, India-localisation, licence and product review pending.""]","{""profile_id"": ""P10"", ""measurement_basis"": ""CRL/editorial scale"", ""measurement_value"": null, ""object_dimension_mm"": null, ""illustrative_only"": true, ""image_key"": ""cherry"", ""image_path"": null, ""image_alt"": ""Your baby is about the size of a cherry."", ""hide_reason"": ""Teammate editorial proposal: measurement series, object dimensions and clinical review not verified"", ""proposed_planning_basis"": ""About 30–35 mm"", ""proposal_source"": ""Team-supplied correction plan section 12.1; not a medical authority"", ""clinical_review_status"": ""pending"", ""editorial_review_status"": ""pending"", ""artwork_status"": ""deferred_by_review_section_12_4""}"
SIZE-P11,comparison,P11 illustrative comparison,Your baby is about the size of a strawberry.,"{""stage"": ""pregnancy"", ""unit"": ""week"", ""start"": 11, ""end"": 11}","[""IN""]",[],[],[],draft,1.0.0,"[""Named content, clinical, India-localisation, licence and product review pending.""]","{""profile_id"": ""P11"", ""measurement_basis"": ""CRL/editorial scale"", ""measurement_value"": null, ""object_dimension_mm"": null, ""illustrative_only"": true, ""image_key"": ""strawberry"", ""image_path"": null, ""image_alt"": ""Your baby is about the size of a strawberry."", ""hide_reason"": ""Teammate editorial proposal: measurement series, object dimensions and clinical review not verified"", ""proposed_planning_basis"": ""About 40–45 mm"", ""proposal_source"": ""Team-supplied correction plan section 12.1; not a medical authority"", ""clinical_review_status"": ""pending"", ""editorial_review_status"": ""pending"", ""artwork_status"": ""deferred_by_review_section_12_4""}"
SIZE-P12,comparison,P12 illustrative comparison,Your baby is about the size of a small lime.,"{""stage"": ""pregnancy"", ""unit"": ""week"", ""start"": 12, ""end"": 12}","[""IN""]",[],[],[],draft,1.0.0,"[""Named content, clinical, India-localisation, licence and product review pending.""]","{""profile_id"": ""P12"", ""measurement_basis"": ""CRL/editorial scale"", ""measurement_value"": null, ""object_dimension_mm"": null, ""illustrative_only"": true, ""image_key"": ""lime"", ""image_path"": null, ""image_alt"": ""Your baby is about the size of a small lime."", ""hide_reason"": ""Teammate editorial proposal: measurement series, object dimensions and clinical review not verified"", ""proposed_planning_basis"": ""About 50–60 mm"", ""proposal_source"": ""Team-supplied correction plan section 12.1; not a medical authority"", ""clinical_review_status"": ""pending"", ""editorial_review_status"": ""pending"", ""artwork_status"": ""deferred_by_review_section_12_4""}"
SIZE-P13,comparison,P13 illustrative comparison,Your baby is about the size of a lemon.,"{""stage"": ""pregnancy"", ""unit"": ""week"", ""start"": 13, ""end"": 13}","[""IN""]",[],[],[],draft,1.0.0,"[""Named content, clinical, India-localisation, licence and product review pending.""]","{""profile_id"": ""P13"", ""measurement_basis"": ""CRL/editorial scale"", ""measurement_value"": null, ""object_dimension_mm"": null, ""illustrative_only"": true, ""image_key"": ""lemon"", ""image_path"": null, ""image_alt"": ""Your baby is about the size of a lemon."", ""hide_reason"": ""Teammate editorial proposal: measurement series, object dimensions and clinical review not verified"", ""proposed_planning_basis"": ""About 65–75 mm"", ""proposal_source"": ""Team-supplied correction plan section 12.1; not a medical authority"", ""clinical_review_status"": ""pending"", ""editorial_review_status"": ""pending"", ""artwork_status"": ""deferred_by_review_section_12_4""}"
SIZE-P14,comparison,P14 illustrative comparison,Your baby is about the size of a guava.,"{""stage"": ""pregnancy"", ""unit"": ""week"", ""start"": 14, ""end"": 14}","[""IN""]",[],[],[],draft,1.0.0,"[""Named content, clinical, India-localisation, licence and product review pending.""]","{""profile_id"": ""P14"", ""measurement_basis"": ""CRL/editorial scale"", ""measurement_value"": null, ""object_dimension_mm"": null, ""illustrative_only"": true, ""image_key"": ""guava"", ""image_path"": null, ""image_alt"": ""Your baby is about the size of a guava."", ""hide_reason"": ""Teammate editorial proposal: measurement series, object dimensions and clinical review not verified"", ""proposed_planning_basis"": ""About 80–90 mm CRL"", ""proposal_source"": ""Team-supplied correction plan section 12.1; not a medical authority"", ""clinical_review_status"": ""pending"", ""editorial_review_status"": ""pending"", ""artwork_status"": ""deferred_by_review_section_12_4""}"
SIZE-P15,comparison,P15 illustrative comparison,Your baby is about the size of a sweet lime (mosambi).,"{""stage"": ""pregnancy"", ""unit"": ""week"", ""start"": 15, ""end"": 15}","[""IN""]",[],[],[],draft,1.0.0,"[""Named content, clinical, India-localisation, licence and product review pending.""]","{""profile_id"": ""P15"", ""measurement_basis"": ""CRL/editorial scale"", ""measurement_value"": null, ""object_dimension_mm"": null, ""illustrative_only"": true, ""image_key"": ""mosambi"", ""image_path"": null, ""image_alt"": ""Your baby is about the size of a sweet lime (mosambi)."", ""hide_reason"": ""Teammate editorial proposal: measurement series, object dimensions and clinical review not verified"", ""proposed_planning_basis"": ""About 95–105 mm CRL"", ""proposal_source"": ""Team-supplied correction plan section 12.1; not a medical authority"", ""clinical_review_status"": ""pending"", ""editorial_review_status"": ""pending"", ""artwork_status"": ""deferred_by_review_section_12_4""}"
SIZE-P16,comparison,P16 illustrative comparison,Your baby is about the size of an avocado.,"{""stage"": ""pregnancy"", ""unit"": ""week"", ""start"": 16, ""end"": 16}","[""IN""]",[],[],[],draft,1.0.0,"[""Named content, clinical, India-localisation, licence and product review pending.""]","{""profile_id"": ""P16"", ""measurement_basis"": ""CRL/editorial scale"", ""measurement_value"": null, ""object_dimension_mm"": null, ""illustrative_only"": true, ""image_key"": ""avocado"", ""image_path"": null, ""image_alt"": ""Your baby is about the size of an avocado."", ""hide_reason"": ""Teammate editorial proposal: measurement series, object dimensions and clinical review not verified"", ""proposed_planning_basis"": ""About 110–120 mm CRL"", ""proposal_source"": ""Team-supplied correction plan section 12.1; not a medical authority"", ""clinical_review_status"": ""pending"", ""editorial_review_status"": ""pending"", ""artwork_status"": ""deferred_by_review_section_12_4""}"
SIZE-P17,comparison,P17 illustrative comparison,Your baby is about the size of a pomegranate.,"{""stage"": ""pregnancy"", ""unit"": ""week"", ""start"": 17, ""end"": 17}","[""IN""]",[],[],[],draft,1.0.0,"[""Named content, clinical, India-localisation, licence and product review pending.""]","{""profile_id"": ""P17"", ""measurement_basis"": ""CRL/editorial scale"", ""measurement_value"": null, ""object_dimension_mm"": null, ""illustrative_only"": true, ""image_key"": ""pomegranate"", ""image_path"": null, ""image_alt"": ""Your baby is about the size of a pomegranate."", ""hide_reason"": ""Teammate editorial proposal: measurement series, object dimensions and clinical review not verified"", ""proposed_planning_basis"": ""About 125–135 mm CRL"", ""proposal_source"": ""Team-supplied correction plan section 12.1; not a medical authority"", ""clinical_review_status"": ""pending"", ""editorial_review_status"": ""pending"", ""artwork_status"": ""deferred_by_review_section_12_4""}"
SIZE-P18,comparison,P18 illustrative comparison,Your baby is about the size of a bell pepper (shimla mirch).,"{""stage"": ""pregnancy"", ""unit"": ""week"", ""start"": 18, ""end"": 18}","[""IN""]",[],[],[],draft,1.0.0,"[""Named content, clinical, India-localisation, licence and product review pending.""]","{""profile_id"": ""P18"", ""measurement_basis"": ""CRL/editorial scale"", ""measurement_value"": null, ""object_dimension_mm"": null, ""illustrative_only"": true, ""image_key"": ""bell-pepper"", ""image_path"": null, ""image_alt"": ""Your baby is about the size of a bell pepper (shimla mirch)."", ""hide_reason"": ""Teammate editorial proposal: measurement series, object dimensions and clinical review not verified"", ""proposed_planning_basis"": ""About 135–145 mm CRL"", ""proposal_source"": ""Team-supplied correction plan section 12.1; not a medical authority"", ""clinical_review_status"": ""pending"", ""editorial_review_status"": ""pending"", ""artwork_status"": ""deferred_by_review_section_12_4""}"
SIZE-P19,comparison,P19 illustrative comparison,Your baby is about the size of a mango.,"{""stage"": ""pregnancy"", ""unit"": ""week"", ""start"": 19, ""end"": 19}","[""IN""]",[],[],[],draft,1.0.0,"[""Named content, clinical, India-localisation, licence and product review pending.""]","{""profile_id"": ""P19"", ""measurement_basis"": ""CRL/editorial scale"", ""measurement_value"": null, ""object_dimension_mm"": null, ""illustrative_only"": true, ""image_key"": ""mango"", ""image_path"": null, ""image_alt"": ""Your baby is about the size of a mango."", ""hide_reason"": ""Teammate editorial proposal: measurement series, object dimensions and clinical review not verified"", ""proposed_planning_basis"": ""About 145–155 mm CRL"", ""proposal_source"": ""Team-supplied correction plan section 12.1; not a medical authority"", ""clinical_review_status"": ""pending"", ""editorial_review_status"": ""pending"", ""artwork_status"": ""deferred_by_review_section_12_4""}"
SIZE-P20,comparison,P20 illustrative comparison,Your baby is about the size of a small orange.,"{""stage"": ""pregnancy"", ""unit"": ""week"", ""start"": 20, ""end"": 20}","[""IN""]",[],[],[],draft,1.0.0,"[""Named clinical, India-localisation and licence review pending; product direction recorded 2026-09-11.""]","{""profile_id"": ""P20"", ""measurement_basis"": ""Round-object editorial comparison; measurement convention pending"", ""measurement_value"": null, ""object_dimension_mm"": null, ""illustrative_only"": true, ""image_key"": ""small-orange"", ""image_path"": null, ""image_alt"": ""Your baby is about the size of a small orange."", ""hide_reason"": ""Product direction approved; measurement series, object dimensions and clinical review not verified"", ""proposed_planning_basis"": ""About 24–26 cm; mapping must be independently verified"", ""proposal_source"": ""Kajal product review 2026-09-11; not a medical authority"", ""clinical_review_status"": ""pending"", ""editorial_review_status"": ""product_approved_2026-09-11"", ""artwork_status"": ""deferred_pending_verification""}"
SIZE-P21,comparison,P21 illustrative comparison,Your baby is about the size of an orange.,"{""stage"": ""pregnancy"", ""unit"": ""week"", ""start"": 21, ""end"": 21}","[""IN""]",[],[],[],draft,1.0.0,"[""Named clinical, India-localisation and licence review pending; product direction recorded 2026-09-11.""]","{""profile_id"": ""P21"", ""measurement_basis"": ""Round-object editorial comparison; measurement convention pending"", ""measurement_value"": null, ""object_dimension_mm"": null, ""illustrative_only"": true, ""image_key"": ""orange"", ""image_path"": null, ""image_alt"": ""Your baby is about the size of an orange."", ""hide_reason"": ""Product direction approved; measurement series, object dimensions and clinical review not verified"", ""proposed_planning_basis"": ""About 26–27 cm; mapping must be independently verified"", ""proposal_source"": ""Kajal product review 2026-09-11; not a medical authority"", ""clinical_review_status"": ""pending"", ""editorial_review_status"": ""product_approved_2026-09-11"", ""artwork_status"": ""deferred_pending_verification""}"
SIZE-P22,comparison,P22 illustrative comparison,Your baby is about the size of a grapefruit.,"{""stage"": ""pregnancy"", ""unit"": ""week"", ""start"": 22, ""end"": 22}","[""IN""]",[],[],[],draft,1.0.0,"[""Named clinical, India-localisation and licence review pending; product direction recorded 2026-09-11.""]","{""profile_id"": ""P22"", ""measurement_basis"": ""Round-object editorial comparison; measurement convention pending"", ""measurement_value"": null, ""object_dimension_mm"": null, ""illustrative_only"": true, ""image_key"": ""grapefruit"", ""image_path"": null, ""image_alt"": ""Your baby is about the size of a grapefruit."", ""hide_reason"": ""Product direction approved; measurement series, object dimensions and clinical review not verified"", ""proposed_planning_basis"": ""About 27–28 cm; mapping must be independently verified"", ""proposal_source"": ""Kajal product review 2026-09-11; not a medical authority"", ""clinical_review_status"": ""pending"", ""editorial_review_status"": ""product_approved_2026-09-11"", ""artwork_status"": ""deferred_pending_verification""}"
SIZE-P23,comparison,P23 illustrative comparison,Your baby is about the size of a grapefruit.,"{""stage"": ""pregnancy"", ""unit"": ""week"", ""start"": 23, ""end"": 23}","[""IN""]",[],[],[],draft,1.0.0,"[""Named clinical, India-localisation and licence review pending; product direction recorded 2026-09-11.""]","{""profile_id"": ""P23"", ""measurement_basis"": ""Round-object editorial comparison; measurement convention pending"", ""measurement_value"": null, ""object_dimension_mm"": null, ""illustrative_only"": true, ""image_key"": ""grapefruit"", ""image_path"": null, ""image_alt"": ""Your baby is about the size of a grapefruit."", ""hide_reason"": ""Product direction approved; measurement series, object dimensions and clinical review not verified"", ""proposed_planning_basis"": ""About 28–29 cm; mapping must be independently verified"", ""proposal_source"": ""Kajal product review 2026-09-11; not a medical authority"", ""clinical_review_status"": ""pending"", ""editorial_review_status"": ""product_approved_2026-09-11"", ""artwork_status"": ""deferred_pending_verification""}"
SIZE-P24,comparison,P24 illustrative comparison,Your baby is about the size of a small muskmelon (kharbuja).,"{""stage"": ""pregnancy"", ""unit"": ""week"", ""start"": 24, ""end"": 24}","[""IN""]",[],[],[],draft,1.0.0,"[""Named clinical, India-localisation and licence review pending; product direction recorded 2026-09-11.""]","{""profile_id"": ""P24"", ""measurement_basis"": ""Round-object editorial comparison; measurement convention pending"", ""measurement_value"": null, ""object_dimension_mm"": null, ""illustrative_only"": true, ""image_key"": ""small-muskmelon"", ""image_path"": null, ""image_alt"": ""Your baby is about the size of a small muskmelon (kharbuja)."", ""hide_reason"": ""Product direction approved; measurement series, object dimensions and clinical review not verified"", ""proposed_planning_basis"": ""About 29–31 cm; mapping must be independently verified"", ""proposal_source"": ""Kajal product review 2026-09-11; not a medical authority"", ""clinical_review_status"": ""pending"", ""editorial_review_status"": ""product_approved_2026-09-11"", ""artwork_status"": ""deferred_pending_verification""}"
SIZE-P25,comparison,P25 illustrative comparison,Your baby is about the size of a small muskmelon (kharbuja).,"{""stage"": ""pregnancy"", ""unit"": ""week"", ""start"": 25, ""end"": 25}","[""IN""]",[],[],[],draft,1.0.0,"[""Named clinical, India-localisation and licence review pending; product direction recorded 2026-09-11.""]","{""profile_id"": ""P25"", ""measurement_basis"": ""Round-object editorial comparison; measurement convention pending"", ""measurement_value"": null, ""object_dimension_mm"": null, ""illustrative_only"": true, ""image_key"": ""small-muskmelon"", ""image_path"": null, ""image_alt"": ""Your baby is about the size of a small muskmelon (kharbuja)."", ""hide_reason"": ""Product direction approved; measurement series, object dimensions and clinical review not verified"", ""proposed_planning_basis"": ""About 33–35 cm; mapping must be independently verified"", ""proposal_source"": ""Kajal product review 2026-09-11; not a medical authority"", ""clinical_review_status"": ""pending"", ""editorial_review_status"": ""product_approved_2026-09-11"", ""artwork_status"": ""deferred_pending_verification""}"
SIZE-P26,comparison,P26 illustrative comparison,Your baby is about the size of a small cabbage.,"{""stage"": ""pregnancy"", ""unit"": ""week"", ""start"": 26, ""end"": 26}","[""IN""]",[],[],[],draft,1.0.0,"[""Named clinical, India-localisation and licence review pending; product direction recorded 2026-09-11.""]","{""profile_id"": ""P26"", ""measurement_basis"": ""Round-object editorial comparison; measurement convention pending"", ""measurement_value"": null, ""object_dimension_mm"": null, ""illustrative_only"": true, ""image_key"": ""small-cabbage"", ""image_path"": null, ""image_alt"": ""Your baby is about the size of a small cabbage."", ""hide_reason"": ""Product direction approved; measurement series, object dimensions and clinical review not verified"", ""proposed_planning_basis"": ""About 35–36 cm; mapping must be independently verified"", ""proposal_source"": ""Kajal product review 2026-09-11; not a medical authority"", ""clinical_review_status"": ""pending"", ""editorial_review_status"": ""product_approved_2026-09-11"", ""artwork_status"": ""deferred_pending_verification""}"
SIZE-P27,comparison,P27 illustrative comparison,Your baby now has roughly the overall bulk of a cauliflower.,"{""stage"": ""pregnancy"", ""unit"": ""week"", ""start"": 27, ""end"": 27}","[""IN""]",[],[],[],draft,1.0.0,"[""Named content, clinical, India-localisation, licence and product review pending.""]","{""profile_id"": ""P27"", ""measurement_basis"": ""Approximate bulk"", ""measurement_value"": null, ""object_dimension_mm"": null, ""illustrative_only"": true, ""image_key"": ""cauliflower"", ""image_path"": null, ""image_alt"": ""Your baby now has roughly the overall bulk of a cauliflower."", ""hide_reason"": ""Teammate editorial proposal: measurement series, object dimensions and clinical review not verified"", ""proposed_planning_basis"": ""Roughly 0.8–0.9 kg"", ""proposal_source"": ""Team-supplied correction plan section 12.1; not a medical authority"", ""clinical_review_status"": ""pending"", ""editorial_review_status"": ""pending"", ""artwork_status"": ""deferred_by_review_section_12_4""}"
SIZE-P28,comparison,P28 illustrative comparison,Your baby now has roughly the overall bulk of a cabbage.,"{""stage"": ""pregnancy"", ""unit"": ""week"", ""start"": 28, ""end"": 28}","[""IN""]",[],[],[],draft,1.0.0,"[""Named clinical, India-localisation and licence review pending; product direction recorded 2026-09-11.""]","{""profile_id"": ""P28"", ""measurement_basis"": ""Approximate bulk; round-object mapping pending verification"", ""measurement_value"": null, ""object_dimension_mm"": null, ""illustrative_only"": true, ""image_key"": ""cabbage"", ""image_path"": null, ""image_alt"": ""Your baby now has roughly the overall bulk of a cabbage."", ""hide_reason"": ""Product direction approved; measurement series, object dimensions and clinical review not verified"", ""proposed_planning_basis"": ""Roughly 0.9–1.1 kg; mapping must be independently verified"", ""proposal_source"": ""Kajal product review 2026-09-11; not a medical authority"", ""clinical_review_status"": ""pending"", ""editorial_review_status"": ""product_approved_2026-09-11"", ""artwork_status"": ""deferred_pending_verification""}"
SIZE-P29,comparison,P29 illustrative comparison,Your baby now has roughly the overall bulk of a cabbage.,"{""stage"": ""pregnancy"", ""unit"": ""week"", ""start"": 29, ""end"": 29}","[""IN""]",[],[],[],draft,1.0.0,"[""Named clinical, India-localisation and licence review pending; product direction recorded 2026-09-11.""]","{""profile_id"": ""P29"", ""measurement_basis"": ""Approximate bulk; round-object mapping pending verification"", ""measurement_value"": null, ""object_dimension_mm"": null, ""illustrative_only"": true, ""image_key"": ""cabbage"", ""image_path"": null, ""image_alt"": ""Your baby now has roughly the overall bulk of a cabbage."", ""hide_reason"": ""Product direction approved; measurement series, object dimensions and clinical review not verified"", ""proposed_planning_basis"": ""Roughly 1.1–1.3 kg; mapping must be independently verified"", ""proposal_source"": ""Kajal product review 2026-09-11; not a medical authority"", ""clinical_review_status"": ""pending"", ""editorial_review_status"": ""product_approved_2026-09-11"", ""artwork_status"": ""deferred_pending_verification""}"
SIZE-P30,comparison,P30 illustrative comparison,Your baby now has roughly the overall bulk of a cabbage.,"{""stage"": ""pregnancy"", ""unit"": ""week"", ""start"": 30, ""end"": 30}","[""IN""]",[],[],[],draft,1.0.0,"[""Named content, clinical, India-localisation, licence and product review pending.""]","{""profile_id"": ""P30"", ""measurement_basis"": ""Approximate bulk"", ""measurement_value"": null, ""object_dimension_mm"": null, ""illustrative_only"": true, ""image_key"": ""cabbage"", ""image_path"": null, ""image_alt"": ""Your baby now has roughly the overall bulk of a cabbage."", ""hide_reason"": ""Teammate editorial proposal: measurement series, object dimensions and clinical review not verified"", ""proposed_planning_basis"": ""Roughly 1.2–1.5 kg"", ""proposal_source"": ""Team-supplied correction plan section 12.1; not a medical authority"", ""clinical_review_status"": ""pending"", ""editorial_review_status"": ""pending"", ""artwork_status"": ""deferred_by_review_section_12_4""}"
SIZE-P31,comparison,P31 illustrative comparison,Your baby now has roughly the overall bulk of a honeydew melon.,"{""stage"": ""pregnancy"", ""unit"": ""week"", ""start"": 31, ""end"": 31}","[""IN""]",[],[],[],draft,1.0.0,"[""Named clinical, India-localisation and licence review pending; product direction recorded 2026-09-11.""]","{""profile_id"": ""P31"", ""measurement_basis"": ""Approximate bulk; round-object mapping pending verification"", ""measurement_value"": null, ""object_dimension_mm"": null, ""illustrative_only"": true, ""image_key"": ""honeydew"", ""image_path"": null, ""image_alt"": ""Your baby now has roughly the overall bulk of a honeydew melon."", ""hide_reason"": ""Product direction approved; measurement series, object dimensions and clinical review not verified"", ""proposed_planning_basis"": ""Roughly 1.4–1.7 kg; mapping must be independently verified"", ""proposal_source"": ""Kajal product review 2026-09-11; not a medical authority"", ""clinical_review_status"": ""pending"", ""editorial_review_status"": ""product_approved_2026-09-11"", ""artwork_status"": ""deferred_pending_verification""}"
SIZE-P32,comparison,P32 illustrative comparison,Your baby now has roughly the overall bulk of a honeydew melon.,"{""stage"": ""pregnancy"", ""unit"": ""week"", ""start"": 32, ""end"": 32}","[""IN""]",[],[],[],draft,1.0.0,"[""Named clinical, India-localisation and licence review pending; product direction recorded 2026-09-11.""]","{""profile_id"": ""P32"", ""measurement_basis"": ""Approximate bulk; round-object mapping pending verification"", ""measurement_value"": null, ""object_dimension_mm"": null, ""illustrative_only"": true, ""image_key"": ""honeydew"", ""image_path"": null, ""image_alt"": ""Your baby now has roughly the overall bulk of a honeydew melon."", ""hide_reason"": ""Product direction approved; measurement series, object dimensions and clinical review not verified"", ""proposed_planning_basis"": ""Roughly 1.6–1.9 kg; mapping must be independently verified"", ""proposal_source"": ""Kajal product review 2026-09-11; not a medical authority"", ""clinical_review_status"": ""pending"", ""editorial_review_status"": ""product_approved_2026-09-11"", ""artwork_status"": ""deferred_pending_verification""}"
SIZE-P33,comparison,P33 illustrative comparison,Your baby now has roughly the overall bulk of a small watermelon.,"{""stage"": ""pregnancy"", ""unit"": ""week"", ""start"": 33, ""end"": 33}","[""IN""]",[],[],[],draft,1.0.0,"[""Named clinical, India-localisation and licence review pending; product direction recorded 2026-09-11.""]","{""profile_id"": ""P33"", ""measurement_basis"": ""Approximate bulk; round-object mapping pending verification"", ""measurement_value"": null, ""object_dimension_mm"": null, ""illustrative_only"": true, ""image_key"": ""small-watermelon"", ""image_path"": null, ""image_alt"": ""Your baby now has roughly the overall bulk of a small watermelon."", ""hide_reason"": ""Product direction approved; measurement series, object dimensions and clinical review not verified"", ""proposed_planning_basis"": ""Roughly 1.8–2.1 kg; mapping must be independently verified"", ""proposal_source"": ""Kajal product review 2026-09-11; not a medical authority"", ""clinical_review_status"": ""pending"", ""editorial_review_status"": ""product_approved_2026-09-11"", ""artwork_status"": ""deferred_pending_verification""}"
SIZE-P34,comparison,P34 illustrative comparison,Your baby now has roughly the overall bulk of a muskmelon (kharbuja).,"{""stage"": ""pregnancy"", ""unit"": ""week"", ""start"": 34, ""end"": 34}","[""IN""]",[],[],[],draft,1.0.0,"[""Named content, clinical, India-localisation, licence and product review pending.""]","{""profile_id"": ""P34"", ""measurement_basis"": ""Approximate bulk"", ""measurement_value"": null, ""object_dimension_mm"": null, ""illustrative_only"": true, ""image_key"": ""muskmelon"", ""image_path"": null, ""image_alt"": ""Your baby now has roughly the overall bulk of a muskmelon (kharbuja)."", ""hide_reason"": ""Teammate editorial proposal: measurement series, object dimensions and clinical review not verified"", ""proposed_planning_basis"": ""Roughly 2.0–2.3 kg"", ""proposal_source"": ""Team-supplied correction plan section 12.1; not a medical authority"", ""clinical_review_status"": ""pending"", ""editorial_review_status"": ""pending"", ""artwork_status"": ""deferred_by_review_section_12_4""}"
SIZE-P35,comparison,P35 illustrative comparison,Your baby now has roughly the overall bulk of a large honeydew melon.,"{""stage"": ""pregnancy"", ""unit"": ""week"", ""start"": 35, ""end"": 35}","[""IN""]",[],[],[],draft,1.0.0,"[""Named content, clinical, India-localisation, licence and product review pending.""]","{""profile_id"": ""P35"", ""measurement_basis"": ""Approximate bulk"", ""measurement_value"": null, ""object_dimension_mm"": null, ""illustrative_only"": true, ""image_key"": ""honeydew"", ""image_path"": null, ""image_alt"": ""Your baby now has roughly the overall bulk of a large honeydew melon."", ""hide_reason"": ""Teammate editorial proposal: measurement series, object dimensions and clinical review not verified"", ""proposed_planning_basis"": ""Roughly 2.2–2.5 kg"", ""proposal_source"": ""Team-supplied correction plan section 12.1; not a medical authority"", ""clinical_review_status"": ""pending"", ""editorial_review_status"": ""pending"", ""artwork_status"": ""deferred_by_review_section_12_4""}"
SIZE-P36,comparison,P36 illustrative comparison,Your baby now has roughly the overall bulk of a large muskmelon.,"{""stage"": ""pregnancy"", ""unit"": ""week"", ""start"": 36, ""end"": 36}","[""IN""]",[],[],[],draft,1.0.0,"[""Named clinical, India-localisation and licence review pending; product direction recorded 2026-09-11.""]","{""profile_id"": ""P36"", ""measurement_basis"": ""Approximate bulk; round-object mapping pending verification"", ""measurement_value"": null, ""object_dimension_mm"": null, ""illustrative_only"": true, ""image_key"": ""large-muskmelon"", ""image_path"": null, ""image_alt"": ""Your baby now has roughly the overall bulk of a large muskmelon."", ""hide_reason"": ""Product direction approved; measurement series, object dimensions and clinical review not verified"", ""proposed_planning_basis"": ""Roughly 2.4–2.8 kg; mapping must be independently verified"", ""proposal_source"": ""Kajal product review 2026-09-11; not a medical authority"", ""clinical_review_status"": ""pending"", ""editorial_review_status"": ""product_approved_2026-09-11"", ""artwork_status"": ""deferred_pending_verification""}"
SIZE-P37,comparison,P37 illustrative comparison,Your baby now has roughly the overall bulk of a small pumpkin.,"{""stage"": ""pregnancy"", ""unit"": ""week"", ""start"": 37, ""end"": 37}","[""IN""]",[],[],[],draft,1.0.0,"[""Named content, clinical, India-localisation, licence and product review pending.""]","{""profile_id"": ""P37"", ""measurement_basis"": ""Approximate bulk"", ""measurement_value"": null, ""object_dimension_mm"": null, ""illustrative_only"": true, ""image_key"": ""small-pumpkin"", ""image_path"": null, ""image_alt"": ""Your baby now has roughly the overall bulk of a small pumpkin."", ""hide_reason"": ""Teammate editorial proposal: measurement series, object dimensions and clinical review not verified"", ""proposed_planning_basis"": ""Roughly 2.6–3.0 kg"", ""proposal_source"": ""Team-supplied correction plan section 12.1; not a medical authority"", ""clinical_review_status"": ""pending"", ""editorial_review_status"": ""pending"", ""artwork_status"": ""deferred_by_review_section_12_4""}"
SIZE-P38,comparison,P38 illustrative comparison,Your baby now has roughly the overall bulk of a medium pumpkin.,"{""stage"": ""pregnancy"", ""unit"": ""week"", ""start"": 38, ""end"": 38}","[""IN""]",[],[],[],draft,1.0.0,"[""Named content, clinical, India-localisation, licence and product review pending.""]","{""profile_id"": ""P38"", ""measurement_basis"": ""Approximate bulk"", ""measurement_value"": null, ""object_dimension_mm"": null, ""illustrative_only"": true, ""image_key"": ""medium-pumpkin"", ""image_path"": null, ""image_alt"": ""Your baby now has roughly the overall bulk of a medium pumpkin."", ""hide_reason"": ""Teammate editorial proposal: measurement series, object dimensions and clinical review not verified"", ""proposed_planning_basis"": ""Roughly 2.8–3.2 kg"", ""proposal_source"": ""Team-supplied correction plan section 12.1; not a medical authority"", ""clinical_review_status"": ""pending"", ""editorial_review_status"": ""pending"", ""artwork_status"": ""deferred_by_review_section_12_4""}"
SIZE-P39,comparison,P39 illustrative comparison,Your baby now has roughly the overall bulk of a small watermelon.,"{""stage"": ""pregnancy"", ""unit"": ""week"", ""start"": 39, ""end"": 39}","[""IN""]",[],[],[],draft,1.0.0,"[""Named content, clinical, India-localisation, licence and product review pending.""]","{""profile_id"": ""P39"", ""measurement_basis"": ""Approximate bulk"", ""measurement_value"": null, ""object_dimension_mm"": null, ""illustrative_only"": true, ""image_key"": ""small-watermelon"", ""image_path"": null, ""image_alt"": ""Your baby now has roughly the overall bulk of a small watermelon."", ""hide_reason"": ""Teammate editorial proposal: measurement series, object dimensions and clinical review not verified"", ""proposed_planning_basis"": ""Roughly 3.0–3.4 kg"", ""proposal_source"": ""Team-supplied correction plan section 12.1; not a medical authority"", ""clinical_review_status"": ""pending"", ""editorial_review_status"": ""pending"", ""artwork_status"": ""deferred_by_review_section_12_4""}"
SIZE-P40,comparison,P40 illustrative comparison,Your baby now has roughly the overall bulk of a full-size watermelon.,"{""stage"": ""pregnancy"", ""unit"": ""week"", ""start"": 40, ""end"": 40}","[""IN""]",[],[],[],draft,1.0.0,"[""Named content, clinical, India-localisation, licence and product review pending.""]","{""profile_id"": ""P40"", ""measurement_basis"": ""Approximate bulk"", ""measurement_value"": null, ""object_dimension_mm"": null, ""illustrative_only"": true, ""image_key"": ""watermelon"", ""image_path"": null, ""image_alt"": ""Your baby now has roughly the overall bulk of a full-size watermelon."", ""hide_reason"": ""Teammate editorial proposal: measurement series, object dimensions and clinical review not verified"", ""proposed_planning_basis"": ""Roughly 3.1–3.6 kg; healthy term size varies widely"", ""proposal_source"": ""Team-supplied correction plan section 12.1; not a medical authority"", ""clinical_review_status"": ""pending"", ""editorial_review_status"": ""pending"", ""artwork_status"": ""deferred_by_review_section_12_4""}"
SIZE-P41,comparison,P41 illustrative comparison,"Still growing at their own pace, your baby is around the bulk of a large watermelon.","{""stage"": ""pregnancy"", ""unit"": ""week"", ""start"": 41, ""end"": 41}","[""IN""]",[],[],[],draft,1.0.0,"[""Named content, clinical, India-localisation, licence and product review pending.""]","{""profile_id"": ""P41"", ""measurement_basis"": ""Approximate bulk; review required"", ""measurement_value"": null, ""object_dimension_mm"": null, ""illustrative_only"": true, ""image_key"": ""large-watermelon"", ""image_path"": null, ""image_alt"": ""Still growing at their own pace, your baby is around the bulk of a large watermelon."", ""hide_reason"": ""Teammate editorial proposal: measurement series, object dimensions and clinical review not verified"", ""proposed_planning_basis"": ""Do not imply that every baby continues to gain at the same rate"", ""proposal_source"": ""Team-supplied correction plan section 12.1; not a medical authority"", ""clinical_review_status"": ""pending"", ""editorial_review_status"": ""pending"", ""artwork_status"": ""deferred_by_review_section_12_4""}"
SIZE-P42,comparison,P42 illustrative comparison,Do not show a generic size card. Show the reviewed local “contact your maternity professional” message first.,"{""stage"": ""pregnancy"", ""unit"": ""week"", ""start"": 42, ""end"": 42}","[""IN""]",[],[],[],draft,1.0.0,"[""Named content, clinical, India-localisation, licence and product review pending.""]","{""profile_id"": ""P42"", ""measurement_basis"": ""Safety/product exception"", ""measurement_value"": null, ""object_dimension_mm"": null, ""illustrative_only"": true, ""image_key"": ""care-team-first"", ""image_path"": null, ""image_alt"": ""Do not show a generic size card. Show the reviewed local “contact your maternity professional” message first."", ""hide_reason"": ""Intentional non-size state"", ""proposed_planning_basis"": ""Representable state; unpublished by architecture decision"", ""proposal_source"": ""Team-supplied correction plan section 12.1; not a medical authority"", ""clinical_review_status"": ""pending"", ""editorial_review_status"": ""pending"", ""artwork_status"": ""deferred_by_review_section_12_4""}"
